﻿<?xml version="1.0" encoding="utf-8" ?>
<Mission>
  <MetaInfo>
    <Name>Chicken Mafia</Name>
    <Info></Info>
    <Enabled>true</Enabled>
    <CameraPos x="-95.21424" y="6225.51" z="230.3394"/>
    <RequiredIPL>
      <IPL remove="true">CS1_02_cf_offmission</IPL>
      <IPL>CS1_02_cf_onmission1</IPL>
      <IPL>CS1_02_cf_onmission2</IPL>
      <IPL>CS1_02_cf_onmission3</IPL>
      <IPL>CS1_02_cf_onmission4</IPL>
    </RequiredIPL>
    <Area>
      <Point x="-40.51466" y="6233.135"/>
      <Point x="-98.71838" y="6182.897"/>
      <Point x="-158.4632" y="6127.758"/>
      <Point x="-192.9215" y="6159.814"/>
      <Point x="-158.0312" y="6192.866"/>
      <Point x="-67.96944" y="6270.812"/>
    </Area>
  </MetaInfo>
  <EntryPoints>
    <EntryPoint type="teleport">
      <Name>Front</Name>
      <Position x="-74.42314" y="6271.079" z="31.3722" heading="216.744"/>
    </EntryPoint>
    <EntryPoint type="teleport">
      <Name>Back</Name>
      <Position x="-133.1731" y="6133.387" z="31.43232" heading="43.69439"/>
    </EntryPoint>
    <EntryPoint type="teleport">
      <Name>Back</Name>
      <Position x="-182.2727" y="6166.434" z="31.35259" heading="221.0143"/>
    </EntryPoint>
  </EntryPoints>
  <Enemies max="23">
    <Enemy x="-67.09161" y="6244.202" z="31.07941" heading="31.95825" />
    <Enemy x="-65.03455" y="6236.851" z="31.09081" heading="206.6257" />
    <Enemy x="-84.15538" y="6236.393" z="31.09118" heading="277.0873" />
    <Enemy x="-74.85006" y="6223.218" z="31.08985" heading="25.72063" />
    <Enemy x="-90.38643" y="6238.07" z="31.08986" heading="256.335" />
    <Enemy x="-87.53513" y="6229.471" z="31.08989" heading="304.6022" />
    <Enemy x="-99.40579" y="6208.824" z="31.02503" heading="228.079" />
    <Enemy x="-97.15708" y="6207.212" z="31.02508" heading="47.57387" />
    <Enemy x="-111.178" y="6198.421" z="31.02523" heading="315.2809" />
    <Enemy x="-104.6471" y="6212.195" z="31.02502" heading="249.1403" />
    <Enemy x="-110.3287" y="6184.22" z="31.02493" heading="129.279" />
    <Enemy x="-120.5256" y="6177.801" z="31.01669" heading="231.0237" />
    <Enemy x="-118.355" y="6175.367" z="31.01656" heading="47.2483" />
    <Enemy x="-125.8067" y="6172.056" z="31.02496" heading="225.6526" />
    <Enemy x="-131.1034" y="6166.07" z="31.02499" heading="151.1873" />
    <Enemy x="-129.1222" y="6161.926" z="31.02494" heading="75.05102" />
    <Enemy x="-145.2515" y="6161.538" z="31.20619" heading="187.33" />
    <Enemy x="-157.3186" y="6161.767" z="31.20634" heading="91.33714" />
    <Enemy x="-160.1631" y="6162.477" z="31.20635" heading="259.2208" />
    <Enemy x="-168.6152" y="6175.055" z="31.20638" heading="319.0457" />
    <Enemy x="-169.5518" y="6156.986" z="31.20639" heading="230.3875" />
    <Enemy x="-163.9035" y="6142.698" z="31.20639" heading="149.2658" />
    <Enemy x="-157.3064" y="6142.378" z="32.33513" heading="63.64299" />
    <Enemy x="-68.18707" y="6253.768" z="31.09015" heading="101.0617"/>
    <Enemy x="-63.14773" y="6238.176" z="31.17588" heading="34.11587"/>
    <Enemy x="-75.10289" y="6237.589" z="31.08486" heading="341.8043"/>
    <Enemy x="-89.96704" y="6238.951" z="31.0899" heading="209.1945"/>
    <Enemy x="-90.77767" y="6234.926" z="31.08945" heading="299.7945"/>
    <Enemy x="-87.73373" y="6229.565" z="31.08988" heading="304.4093"/>
    <Enemy x="-80.88321" y="6222.665" z="31.0902" heading="335.6349"/>
    <Enemy x="-94.92432" y="6217.94" z="31.02482" heading="221.3458"/>
    <Enemy x="-105.0477" y="6212.163" z="31.02502" heading="262.0973"/>
    <Enemy x="-110.7253" y="6198.064" z="31.02517" heading="323.8352"/>
    <Enemy x="-112.9442" y="6178.699" z="31.02186" heading="340.6327"/>
    <Enemy x="-144.5548" y="6151.271" z="32.33509" heading="118.2649"/>
    <Enemy x="-171.0108" y="6149.027" z="31.20636" heading="40.34748"/>
  </Enemies>
  <Bombs time="180">
    <Bomb x="-161.9595" y="-2367.265" z="9.319201" heading="100.872"/>
    <Bomb x="-187.9138" y="-2363.988" z="9.319202" heading="301.5595"/>
    <Bomb x="-184.3682" y="-2367.725" z="9.319263" heading="104.072"/>
    <Bomb x="-212.2479" y="-2367.779" z="9.319212" heading="266.289"/>
    <Bomb x="-233.0715" y="-2366.065" z="17.33263" heading="177.4187"/>
    <Bomb x="-218.0397" y="-2364.947" z="29.68519" heading="89.30266"/>
    <Bomb x="-68.57032" y="6256.174" z="31.09016" heading="173.0665"/>
    <Bomb x="-90.99435" y="6240.413" z="31.08995" heading="215.8647"/>
    <Bomb x="-89.03581" y="6229.016" z="31.08995" heading="2.107285"/>
    <Bomb x="-99.1815" y="6215.865" z="31.02502" heading="174.5955"/>
    <Bomb x="-109.1238" y="6205.77" z="31.02659" heading="213.3983"/>
    <Bomb x="-139.6288" y="6148.271" z="32.33515" heading="231.8881"/>
    <Bomb x="-175.0383" y="6171.053" z="31.20638" heading="228.6776"/>
  </Bombs>
  <DecorativeVehicles>
    <Vehicle model="Riot" x="-79.03268" y="6277.942" z="31.11718" heading="32.41939" spawn="0" siren="true" doors="0011"/>
    <Vehicle model="Police" x="-83.34383" y="6274.731" z="30.95424" heading="324.9319" spawn="0" siren="true" />
    <Vehicle model="Police" x="-76.00045" y="6281.345" z="31.03065" heading="270.7873" spawn="0" siren="true"/>
    <Vehicle model="Riot" x="-127.5568" y="6144.007" z="31.25361" heading="335.7838" spawn="1" siren="true" doors="0011"/>
    <Vehicle model="Police" x="-143.3609" y="6126.71" z="31.22926" heading="252.053" spawn="1" siren="true"/>
    <Vehicle model="Riot" x="-187.0582" y="6171.55" z="31.13244" heading="43.8508" spawn="2" siren="true" doors="0011"/>
  </DecorativeVehicles>
</Mission>