<Data Race_Name="CHU">
  <Heading>354</Heading>
      <Meet>
    <X>-3086</X>
    <Y>1119</Y>
    <Z>20</Z>
  </Meet>
  <Waypoint>
    <X>-3104</X>
    <Y>1138</Y>
    <Z>20</Z>
  </Waypoint>
  <Waypoint>
    <X>-3020</X>
    <Y>1270</Y>
    <Z>29</Z>
  </Waypoint>
  <Waypoint>
    <X>-2856</X>
    <Y>1283</Y>
    <Z>59</Z>
  </Waypoint>
  <Waypoint>
    <X>-2737</X>
    <Y>1424</Y>
    <Z>91</Z>
  </Waypoint>
    <Waypoint Dangerous="true">
    <X>-2715</X>
    <Y>1480</Y>
    <Z>102</Z>
  </Waypoint>
  <Waypoint>
    <X>-2626</X>
    <Y>1391</Y>
    <Z>136</Z>
  </Waypoint>
  <Waypoint>
    <X>-2385</X>
    <Y>1031</Y>
    <Z>195</Z>
  </Waypoint>
  <Waypoint>
    <X>-2163</X>
    <Y>1004</Y>
    <Z>187</Z>
  </Waypoint>
  <Waypoint Dangerous="true">
    <X>-2015</X>
    <Y>885</Y>
    <Z>169</Z>
  </Waypoint>
  <Waypoint>
    <X>-1891</X>
    <Y>763</Y>
    <Z>140</Z>
  </Waypoint>
  <Waypoint>
    <X>-1717</X>
    <Y>853</Y>
    <Z>145</Z>
  </Waypoint>
  <Waypoint>
    <X>-1635</X>
    <Y>1036</Y>
    <Z>152</Z>
  </Waypoint>
  <Waypoint>
    <X>-1627</X>
    <Y>1275</Y>
    <Z>138</Z>
  </Waypoint>
  <Waypoint>
    <X>-1536</X>
    <Y>1419</Y>
    <Z>122</Z>
  </Waypoint>
  <Waypoint>
    <X>-1485</X>
    <Y>1762</Y>
    <Z>88</Z>
  </Waypoint>
  <Waypoint>
    <X>-1458</X>
    <Y>1991</Y>
    <Z>68</Z>
  </Waypoint>
  <Waypoint>
    <X>-1496</X>
    <Y>2065</Y>
    <Z>60</Z>
  </Waypoint>
  <Waypoint>
    <X>-1526</X>
    <Y>2128</Y>
    <Z>56</Z>
  </Waypoint>
  <Waypoint>
    <X>-1548</X>
    <Y>2269</Y>
    <Z>53</Z>
  </Waypoint>
  <Waypoint>
    <X>-1656</X>
    <Y>2382</Y>
    <Z>36</Z>
  </Waypoint>
  <Waypoint>
    <X>-1847</X>
    <Y>2388</Y>
    <Z>31</Z>
  </Waypoint>
  <Waypoint>
    <X>-2021</X>
    <Y>2338</Y>
    <Z>34</Z>
  </Waypoint>
  <Waypoint>
    <X>-2250</X>
    <Y>2278</Y>
    <Z>32</Z>
  </Waypoint>
  <Waypoint>
    <X>-2385</X>
    <Y>2266</Y>
    <Z>32</Z>
  </Waypoint>
  <Waypoint>
    <X>-2617</X>
    <Y>2286</Y>
    <Z>26</Z>
  </Waypoint>
  <Waypoint Dangerous="true">
    <X>-2695</X>
    <Y>2277</Y>
    <Z>19</Z>
  </Waypoint>
  <Waypoint>
    <X>-2751</X>
    <Y>2249</Y>
    <Z>22</Z>
  </Waypoint>
  <Waypoint>
    <X>-3015</X>
    <Y>1940</Y>
    <Z>28</Z>
  </Waypoint>
  <Waypoint>
    <X>-3063</X>
    <Y>1397</Y>
    <Z>20</Z>
  </Waypoint>
    <Waypoint>
    <X>-3201</X>
    <Y>1126</Y>
    <Z>10</Z>
  </Waypoint>
  <Waypoint Dangerous="true">
    <X>-3161</X>
    <Y>912</Y>
    <Z>14</Z>
  </Waypoint>
  <Waypoint>
    <X>-3135</X>
    <Y>1001</Y>
    <Z>17</Z>
  </Waypoint>
</Data>