<Data Race_Name="El Burro Blvd">
  <Heading>283</Heading>
  <Meet>
    <X>1401</X>
    <Y>-2620</Y>
    <Z>45</Z>
  </Meet>
  <Waypoint>
    <X>1349</X>
    <Y>-2582</Y>
    <Z>48</Z>
  </Waypoint>
  <Waypoint>
    <X>1540</X>
    <Y>-2566</Y>
    <Z>55</Z>
  </Waypoint>
  <Waypoint>
    <X>1643</X>
    <Y>-2458</Y>
    <Z>86</Z>
  </Waypoint>
  <Waypoint>
    <X>1684</X>
    <Y>-2291</Y>
    <Z>109</Z>
  </Waypoint>
  <Waypoint>
    <X>1728</X>
    <Y>-1947</Y>
    <Z>116</Z>
  </Waypoint>
  <Waypoint>
    <X>1788</X>
    <Y>-1693</Y>
    <Z>118</Z>
  </Waypoint>
  <Waypoint>
    <X>1883</X>
    <Y>-1398</Y>
    <Z>135</Z>
  </Waypoint>
  <Waypoint>
    <X>1997</X>
    <Y>-958</Y>
    <Z>79</Z>
  </Waypoint>
  <Waypoint>
    <X>1813</X>
    <Y>-1137</Y>
    <Z>82</Z>
  </Waypoint>
  <Waypoint>
    <X>1487</X>
    <Y>-1495</Y>
    <Z>67</Z>
  </Waypoint>
  <Waypoint Dangerous="true">
    <X>1356</X>
    <Y>-1592</Y>
    <Z>52</Z>
  </Waypoint>
  <Waypoint>
    <X>1318</X>
    <Y>-1628</Y>
    <Z>52</Z>
  </Waypoint>
  <Waypoint>
    <X>1166</X>
    <Y>-1712</Y>
    <Z>35</Z>
  </Waypoint>
  <Waypoint>
    <X>1079</X>
    <Y>-1779</Y>
    <Z>35</Z>
  </Waypoint>
  <Waypoint>
    <X>1220</X>
    <Y>-2033</Y>
    <Z>44</Z>
  </Waypoint>
  <Waypoint>
    <X>1294</X>
    <Y>-2211</Y>
    <Z>50</Z>
  </Waypoint>
  <Waypoint>
    <X>1183</X>
    <Y>-2578</Y>
    <Z>36</Z>
  </Waypoint>
</Data>