<Data Race_Name="Elgin Ave">
  <Heading>338</Heading>
  <Meet>
    <X>454</X>
    <Y>-381</Y>
    <Z>46</Z>
  </Meet>
  <Waypoint>
    <X>345</X>
    <Y>-305</Y>
    <Z>53</Z>
  </Waypoint>
  <Waypoint>
    <X>439</X>
    <Y>-75</Y>
    <Z>72</Z>
  </Waypoint>
  <Waypoint>
    <X>591</X>
    <Y>41</Y>
    <Z>91</Z>
  </Waypoint>
  <Waypoint>
    <X>614</X>
    <Y>-58</Y>
    <Z>74</Z>
  </Waypoint>
  <Waypoint>
    <X>501</X>
    <Y>-265</Y>
    <Z>47</Z>
  </Waypoint>
  <Waypoint>
    <X>449</X>
    <Y>-336</Y>
    <Z>47</Z>
  </Waypoint>
</Data>