<Data Race_Name="Mt Haan Dr">
  <Heading>281</Heading>
  <Meet>
    <X>786</X>
    <Y>1279</Y>
    <Z>360</Z>
  </Meet>
  <Waypoint>
    <X>833</X>
    <Y>1278</Y>
    <Z>360</Z>
  </Waypoint>
  <Waypoint>
    <X>676</X>
    <Y>1365</Y>
    <Z>327</Z>
  </Waypoint>
  <Waypoint>
    <X>481</X>
    <Y>1311</Y>
    <Z>279</Z>
  </Waypoint>
  <Waypoint>
    <X>466</X>
    <Y>1103</Y>
    <Z>231</Z>
  </Waypoint>
  <Waypoint>
    <X>473</X>
    <Y>914</Y>
    <Z>198</Z>
  </Waypoint>

  <Waypoint>
    <X>421</X>
    <Y>1148</Y>
    <Z>239</Z>
  </Waypoint>
  <Waypoint>
    <X>486</X>
    <Y>1308</Y>
    <Z>280</Z>
  </Waypoint>
  <Waypoint>
    <X>658</X>
    <Y>1376</Y>
    <Z>325</Z>
  </Waypoint>
</Data>