<Data Race_Name="Glory Way">
  <Heading>333</Heading>
  <Meet>
    <X>717</X>
    <Y>-349</Y>
    <Z>42</Z>
  </Meet>
  <Waypoint>
    <X>687</X>
    <Y>-208</Y>
    <Z>44</Z>
  </Waypoint>
  <Waypoint>
    <X>998</X>
    <Y>256</Y>
    <Z>80</Z>
  </Waypoint>
  <Waypoint>
    <X>1157</X>
    <Y>354</Y>
    <Z>91</Z>
  </Waypoint>
  <Waypoint>
    <X>1014</X>
    <Y>206</Y>
    <Z>80</Z>
  </Waypoint>
  <Waypoint>
    <X>811</X>
    <Y>-70</Y>
    <Z>80</Z>
  </Waypoint>
  <Waypoint>
    <X>1000</X>
    <Y>-228</Y>
    <Z>69</Z>
  </Waypoint>
  <Waypoint>
    <X>889</X>
    <Y>-331</Y>
    <Z>63</Z>
  </Waypoint>
</Data>