<Data Race_Name="Kortz Dr">
  <Heading>353</Heading>
  <Meet>
    <X>-2317</X>
    <Y>431</Y>
    <Z>174</Z>
  </Meet>
  <Waypoint>
    <X>-2305</X>
    <Y>455</Y>
    <Z>174</Z>
  </Waypoint>
  <Waypoint>
    <X>-2175</X>
    <Y>525</Y>
    <Z>150</Z>
  </Waypoint>
  <Waypoint>
    <X>-2107</X>
    <Y>295</Y>
    <Z>126</Z>
  </Waypoint>
  <Waypoint>
    <X>-1906</X>
    <Y>85</Y>
    <Z>85</Z>
  </Waypoint>
  <Waypoint>
    <X>-1745</X>
    <Y>34</Y>
    <Z>67</Z>
  </Waypoint>
  <Waypoint>
    <X>-1526</X>
    <Y>-156</Y>
    <Z>53</Z>
  </Waypoint>
  <Waypoint>
    <X>-1439</X>
    <Y>-51</Y>
    <Z>52</Z>
  </Waypoint>
  <Waypoint>
    <X>-1486</X>
    <Y>54</Y>
    <Z>53</Z>
  </Waypoint>
  <Waypoint>
    <X>-1728</X>
    <Y>90</Y>
    <Z>66</Z>
  </Waypoint>
  <Waypoint>
    <X>-1790</X>
    <Y>78</Y>
    <Z>69</Z>
  </Waypoint>
  <Waypoint>
    <X>-1919</X>
    <Y>92</Y>
    <Z>87</Z>
  </Waypoint>
  <Waypoint>
    <X>-2154</X>
    <Y>452</Y>
    <Z>141</Z>
  </Waypoint>
  <Waypoint>
    <X>-2300</X>
    <Y>378</Y>
    <Z>174</Z>
  </Waypoint>
</Data>