<Data Race_Name="SANDY">
  <Heading>300</Heading>
      <Meet>
    <X>2011</X>
    <Y>3665</Y>
    <Z>33</Z>
  </Meet>
  <Waypoint>
    <X>1960</X>
    <Y>3661</Y>
    <Z>33</Z>
  </Waypoint>
  <Waypoint>
    <X>2047</X>
    <Y>3750</Y>
    <Z>32</Z>
  </Waypoint>

    <Waypoint>
    <X>1923</X>
    <Y>3939</Y>
    <Z>32</Z>
  </Waypoint>
  <Waypoint>
    <X>1842</X>
    <Y>3946</Y>
    <Z>33</Z>
  </Waypoint>
  <Waypoint>
    <X>1617</X>
    <Y>3816</Y>
    <Z>35</Z>
  </Waypoint>
  <Waypoint>
    <X>1421</X>
    <Y>3693</Y>
    <Z>34</Z>
  </Waypoint>
  <Waypoint>
    <X>1061</X>
    <Y>3630</Y>
    <Z>33</Z>
  </Waypoint>
  <Waypoint>
    <X>777</X>
    <Y>3612</Y>
    <Z>33</Z>
  </Waypoint>
  <Waypoint>
    <X>564</X>
    <Y>3575</Y>
    <Z>33</Z>
  </Waypoint>

  <Waypoint>
    <X>411</X>
    <Y>3524</Y>
    <Z>34</Z>
  </Waypoint>
  <Waypoint>
    <X>561</X>
    <Y>3506</Y>
    <Z>34</Z>
  </Waypoint>
  <Waypoint>
    <X>977</X>
    <Y>3536</Y>
    <Z>34</Z>
  </Waypoint>
  <Waypoint>
    <X>1462</X>
    <Y>3497</Y>
    <Z>36</Z>
  </Waypoint>
  <Waypoint>
    <X>1736</X>
    <Y>3531</Y>
    <Z>36</Z>
  </Waypoint>
</Data>