<Data Race_Name="Senora Fwy">
  <Heading>13</Heading>
  <Meet>
    <X>2676</X>
    <Y>4643</Y>
    <Z>39</Z>
  </Meet>
  <Waypoint>
    <X>2689</X>
    <Y>4659</Y>
    <Z>40</Z>
  </Waypoint>
  <Waypoint>
    <X>2573</X>
    <Y>4850</Y>
    <Z>35</Z>
  </Waypoint>
  <Waypoint>
    <X>2450</X>
    <Y>5034</Y>
    <Z>45</Z>
  </Waypoint>
  <Waypoint>
    <X>2281</X>
    <Y>5103</Y>
    <Z>49</Z>
  </Waypoint>
  <Waypoint>
    <X>2103</X>
    <Y>5046</Y>
    <Z>41</Z>
  </Waypoint>
  <Waypoint>
    <X>1979</X>
    <Y>4885</Y>
    <Z>43</Z>
  </Waypoint>
  <Waypoint>
    <X>2183</X>
    <Y>4925</Y>
    <Z>40</Z>
  </Waypoint>
  <Waypoint>
    <X>2301</X>
    <Y>4966</Y>
    <Z>41</Z>
  </Waypoint>
  <Waypoint>
    <X>2601</X>
    <Y>4657</Y>
    <Z>33</Z>
  </Waypoint>
  <Waypoint>
    <X>2648</X>
    <Y>4511</Y>
    <Z>38</Z>
  </Waypoint>
</Data>