<Data Race_Name="StreetRaces/Senora Fwy - Mount Chiliad Race">
  <Heading>68</Heading>
  <Meet>
    <X>1596</X>
    <Y>6448</Y>
    <Z>25</Z>
  </Meet>
  <Waypoint>
    <X>1559</X>
    <Y>6432</Y>
    <Z>24</Z>
  </Waypoint>
  <Waypoint>
    <X>1264</X>
    <Y>6493</Y>
    <Z>20</Z>
  </Waypoint>
  <Waypoint>
    <X>696</X>
    <Y>6519</Y>
    <Z>27</Z>
  </Waypoint>
  <Waypoint>
    <X>63</X>
    <Y>6448</Y>
    <Z>31</Z>
  </Waypoint>
  <Waypoint>
    <X>-248</X>
    <Y>6134</Y>
    <Z>31</Z>
  </Waypoint>
  <Waypoint>
    <X>-418</X>
    <Y>6048</Y>
    <Z>31</Z>
  </Waypoint>
  <Waypoint>
    <X>-157</X>
    <Y>6377</Y>
    <Z>31</Z>
  </Waypoint>
  <Waypoint>
    <X>109</X>
    <Y>6573</Y>
    <Z>31</Z>
  </Waypoint>
  <Waypoint>
    <X>166</X>
    <Y>6538</Y>
    <Z>31</Z>
  </Waypoint>
  <Waypoint>
    <X>461</X>
    <Y>6559</Y>
    <Z>26</Z>
  </Waypoint>
  <Waypoint>
    <X>1127</X>
    <Y>6481</Y>
    <Z>20</Z>
  </Waypoint>
  <Waypoint>
    <X>1674</X>
    <Y>6366</Y>
    <Z>31</Z>
  </Waypoint>
  <Waypoint>
    <X>2050</X>
    <Y>6082</Y>
    <Z>48</Z>
  </Waypoint>
  <Waypoint>
    <X>2397</X>
    <Y>5727</Y>
    <Z>45</Z>
  </Waypoint>
  <Waypoint>
    <X>2400</X>
    <Y>5722</Y>
    <Z>45</Z>
  </Waypoint>
  <Waypoint>
    <X>2619</X>
    <Y>5198</Y>
    <Z>44</Z>
  </Waypoint>
  <Waypoint>
    <X>2476</X>
    <Y>5631</Y>
    <Z>44</Z>
  </Waypoint>
  <Waypoint>
    <X>2011</X>
    <Y>6198</Y>
    <Z>47</Z>
  </Waypoint>
</Data>