<Data Race_Name="Tongva Dr">
  <Heading>359</Heading>
  <Meet>
    <X>-1352</X>
    <Y>2161</Y>
    <Z>52</Z>
  </Meet>
  <Waypoint>
    <X>-1354</X>
    <Y>2294</Y>
    <Z>42</Z>
  </Waypoint>
  <Waypoint>
    <X>-1409</X>
    <Y>2417</Y>
    <Z>27</Z>
  </Waypoint>
  <Waypoint>
    <X>-1669</X>
    <Y>2395</Y>
    <Z>33</Z>
  </Waypoint>
  <Waypoint>
    <X>-1552</X>
    <Y>2307</Y>
    <Z>50</Z>
  </Waypoint>
    <Waypoint>
    <X>-1518</X>
    <Y>2153</Y>
    <Z>55</Z>
  </Waypoint>  
  <Waypoint Flat="true">
    <X>-1469</X>
    <Y>2148</Y>
    <Z>55</Z>
  </Waypoint>
</Data>