<Data Race_Name="Union Rd">
  <Heading>295</Heading>
  <Meet>
    <X>2844</X>
    <Y>4469</Y>
    <Z>48</Z>
  </Meet>
  <Waypoint>
    <X>2930</X>
    <Y>4457</Y>
    <Z>47</Z>
  </Waypoint>
  <Waypoint>
    <X>2976</X>
    <Y>4641</Y>
    <Z>52</Z>
  </Waypoint>
  <Waypoint>
    <X>2860</X>
    <Y>4776</Y>
    <Z>49</Z>
  </Waypoint>
  <Waypoint>
    <X>2764</X>
    <Y>4919</Y>
    <Z>33</Z>
  </Waypoint>
  <Waypoint>
    <X>2772</X>
    <Y>4626</Y>
    <Z>45</Z>
  </Waypoint>
</Data>