<Data Race_Name="BAYTRE">
  <Heading>253</Heading>
    <Meet>
    <X>443</X>
    <Y>869</Y>
    <Z>197</Z>
  </Meet>
  <Waypoint>
    <X>480</X>
    <Y>869</Y>
    <Z>198</Z>
  </Waypoint>
  <Waypoint>
    <X>612</X>
    <Y>784</Y>
    <Z>203</Z>
  </Waypoint>
  <Waypoint>
    <X>787</X>
    <Y>882</Y>
    <Z>221</Z>
  </Waypoint>
  <Waypoint>
    <X>959</X>
    <Y>830</Y>
    <Z>199</Z>
  </Waypoint>
  <Waypoint>
    <X>1032</X>
    <Y>699</Y>
    <Z>159</Z>
  </Waypoint>
  <Waypoint Flat="true">
    <X>1071</X>
    <Y>760</Y>
    <Z>154</Z>
  </Waypoint>
  <Waypoint>
    <X>1236</X>
    <Y>1011</Y>
    <Z>143</Z>
  </Waypoint>
  <Waypoint>
    <X>1154</X>
    <Y>1150</Y>
    <Z>171</Z>
  </Waypoint>
  <Waypoint>
    <X>1170</X>
    <Y>1364</Y>
    <Z>151</Z>
  </Waypoint>
  <Waypoint>
    <X>1039</X>
    <Y>1607</Y>
    <Z>168</Z>
  </Waypoint>
  <Waypoint>
    <X>954</X>
    <Y>1728</Y>
    <Z>165</Z>
  </Waypoint>
  <Waypoint>
    <X>902</X>
    <Y>1719</Y>
    <Z>167</Z>
  </Waypoint>
  <Waypoint>
    <X>661</X>
    <Y>1749</Y>
    <Z>190</Z>
  </Waypoint>
  <Waypoint>
    <X>390</X>
    <Y>1739</Y>
    <Z>238</Z>
  </Waypoint>
  <Waypoint>
    <X>198</X>
    <Y>1672</Y>
    <Z>231</Z>
  </Waypoint>
  <Waypoint>
    <X>146</X>
    <Y>1594</Y>
    <Z>229</Z>
  </Waypoint>
  <Waypoint>
    <X>193</X>
    <Y>1440</Y>
    <Z>239</Z>
  </Waypoint>

  <Waypoint>
    <X>362</X>
    <Y>998</Y>
    <Z>210</Z>
  </Waypoint>
</Data>