<Data Race_Name="CHIL">
  <Heading>315</Heading>
      <Meet>
    <X>1141</X>
    <Y>327</Y>
    <Z>90</Z>
  </Meet>
  <Waypoint>
    <X>1137</X>
    <Y>421</Y>
    <Z>83</Z>
  </Waypoint>
  <Waypoint>
    <X>1383</X>
    <Y>661</Y>
    <Z>80</Z>
  </Waypoint>
  <Waypoint>
    <X>1569</X>
    <Y>954</Y>
    <Z>78</Z>
  </Waypoint>
  <Waypoint>
    <X>1663</X>
    <Y>1226</Y>
    <Z>85</Z>
  </Waypoint>
  <Waypoint>
    <X>1682</X>
    <Y>1279</Y>
    <Z>86</Z>
  </Waypoint>
  <Waypoint>
    <X>1731</X>
    <Y>1487</Y>
    <Z>85</Z>
  </Waypoint>
  <Waypoint>
    <X>2016</X>
    <Y>1504</Y>
    <Z>75</Z>
  </Waypoint>
    <Waypoint>
    <X>2084</X>
    <Y>1404</Y>
    <Z>75</Z>
  </Waypoint>
  <Waypoint>
    <X>2319</X>
    <Y>1103</Y>
    <Z>79</Z>
  </Waypoint>
  <Waypoint>
    <X>2522</X>
    <Y>624</Y>
    <Z>107</Z>
  </Waypoint>
  <Waypoint>
    <X>2480</X>
    <Y>-34</Y>
    <Z>93</Z>
  </Waypoint>
  <Waypoint>
    <X>2105</X>
    <Y>-588</Y>
    <Z>95</Z>
  </Waypoint>
  <Waypoint>
    <X>1514</X>
    <Y>-1007</Y>
    <Z>57</Z>
  </Waypoint>
  <Waypoint>
    <X>1438</X>
    <Y>-1043</Y>
    <Z>55</Z>
  </Waypoint>
  <Waypoint>
    <X>1334</X>
    <Y>-1092</Y>
    <Z>52</Z>
  </Waypoint>
  <Waypoint>
    <X>1181</X>
    <Y>-1145</Y>
    <Z>45</Z>
  </Waypoint>
  <Waypoint>
    <X>1091</X>
    <Y>-1075</Y>
    <Z>40</Z>
  </Waypoint>
  <Waypoint>
    <X>1069</X>
    <Y>-1009</Y>
    <Z>33</Z>
  </Waypoint>
  <Waypoint>
    <X>824</X>
    <Y>-646</Y>
    <Z>41</Z>
  </Waypoint>
  <Waypoint>
    <X>751</X>
    <Y>-596</Y>
    <Z>36</Z>
  </Waypoint>
  <Waypoint>
    <X>589</X>
    <Y>-400</Y>
    <Z>43</Z>
  </Waypoint>
  <Waypoint>
    <X>614</X>
    <Y>-353</Y>
    <Z>43</Z>
  </Waypoint>
  <Waypoint>
    <X>698</X>
    <Y>-190</Y>
    <Z>46</Z>
  </Waypoint>
  <Waypoint>
    <X>966</X>
    <Y>240</Y>
    <Z>79</Z>
  </Waypoint>
</Data>